Id,prediction
893,144179.41521120744
1106,340101.0693210839
414,109492.557071601
523,158341.84708274025
1037,313041.96135258704
615,80048.69393581005
219,237306.17810414903
1161,136694.03560911384
650,79004.54282537417
888,138038.7316669369
577,150637.1013722888
1253,116877.34036305064
1062,98436.81786350021
568,206761.72763822632
1109,172103.77971668326
1114,132219.54715586992
169,197188.5680128179
1103,126191.81711382029
1121,116801.32086679847
68,220669.101489706
1041,147395.78721856384
454,206395.3520351355
671,178609.50713972084
1095,125585.21164785238
193,208295.26107145366
124,160816.1981008327
416,205108.3328213373
278,109556.21180013612
434,177397.59918762237
1318,190739.88058917533
185,112683.80975063247
555,263654.35008389223
1174,209716.53140990742
77,112634.47055009918
907,264285.37051952584
675,144021.67891074947
1399,143061.38779212467
375,204188.06899158857
1033,332576.9217886794
260,104948.49790057483
52,116714.6066194999
245,232070.94023436747
1102,116095.42438092244
582,337832.66400010325
680,125432.03783492738
1133,128059.0368847671
1221,110580.7920098645
50,125744.7366443997
592,430826.75977651874
1270,130088.96368045431
1250,118425.26800600941
1139,214973.8833994076
491,109187.93881961111
1025,335385.71030324337
812,146021.41396684697
142,252395.98212101628
847,205463.25778225544
926,158947.96557380288
773,138647.32570821332
533,94116.26046711719
30,61089.00291534693
1300,167397.79353703896
66,293909.836202162
766,271362.78278942715
1348,296595.1468045581
176,213682.65042465276
395,109628.89137517406
620,316043.7817008081
1132,114904.13468209864
116,166140.06890738406
895,120380.11199906067
1222,123915.14591347317
428,111959.52177186265
737,83097.31188174916
899,462421.2277303156
683,172007.24291327063
991,301717.0093651539
719,317346.1403072276
45,144255.6902461345
60,121941.60339305512
364,110684.13556093433
399,73049.03732864889
423,115988.9707879997
495,92184.76137879447
417,154554.11413831724
585,125815.73303564491
271,266758.83633363416
352,197945.6012879544
1079,140082.71376538742
1345,190367.23917455686
837,143589.8752915452
644,154044.7461791513
275,122894.43054775531
323,278666.22062670777
79,114001.25025085738
923,183688.76638874947
276,163908.96282200026
1266,179400.1876457857
221,216962.8058796306
317,264214.150888063
1007,165403.0027557802
1241,209694.76800262215
71,263093.6595851531
16,126177.18444675226
1165,195627.7682260576
1321,167012.94040871123
755,156735.2073815572
721,252085.9056620548
1048,143308.85354755473
629,173377.08550161237
637,48027.85940723921
465,119072.18150915336
856,139408.71571069706
1398,133135.61919311213
383,213908.88251266108
1429,112839.06996596548
789,103492.66200833271
1341,104370.93914316564
1217,131562.2228085812
333,299808.8613874316
544,132479.65911488436
204,139927.25150992957
1135,179000.17744590202
1415,176884.685633618
430,193749.4000823841
1273,126366.40878739434
747,232691.44523415575
590,89246.04259289395
839,141346.52302745308
1294,182862.9125442744
591,190966.52450803886
586,353900.08342491667
1202,197766.9116644229
199,120218.65513930903
917,58871.890538357475
995,352412.48948113044
1229,350317.2913993061
44,131686.74208069462
1034,224895.2510370457
692,586422.4363779587
232,344660.432180618
527,126669.47190129966
102,169076.18617860583
1093,160440.688306423
412,140912.160880991
1393,122148.70281706183
908,225741.4777192435
783,196954.49523864032
953,128627.21495875949
621,70361.08323662479
670,108664.3186107388
129,139699.8201081346
530,204921.02023019962
911,151029.26159407085
999,88533.97796014721
1451,122297.3529179978
1164,127088.95126995086
248,143067.02427367336
529,84805.98215014623
734,129156.40461459101
33,194849.75989733633
635,133837.05131216272
1028,297775.9426456207
1054,143920.14877749817
576,115686.99447044003
844,115142.13737599038
298,228325.4691647881
262,339350.6691130964
1047,450153.1263584846
940,237291.83847660443
310,368727.94643832184
164,89154.1857752595
1010,108877.19880173454
600,145684.75899082268
1176,308369.4210752203
372,121264.0367560593
240,126034.22086372794
882,216777.13580627088
1334,121323.3908037795
1359,165478.32551606654
1157,191478.06439974607
813,95263.1177942693
1332,130812.41856784618
426,144859.35156013488
1055,261433.81485641497
64,139247.65977479547
818,281328.0089949988
1395,231361.220661529
1307,203453.900766444
916,84880.09602608984
433,118183.09033370797
694,103744.2977993678
967,148565.06778126367
1171,146740.5950074836
1043,199321.9450592095
608,185477.3598103271
1090,202597.49571300906
31,92687.4562388434
57,198661.2828792791
1179,125735.40799492733
452,247144.40575516326
559,206485.69418048905
366,123573.29981714794
424,305349.38063731877
959,197680.30633582865
807,124879.32151556076
1134,236021.2352638173
980,132309.63338540908
355,147897.5989910457
1357,106001.35936199165
307,232045.77191893818
797,134776.64556075845
100,110648.98462410465
756,160672.80057725657
272,219689.75557991292
241,253617.1144053588
598,197412.37598845028
947,142448.84051056666
359,130170.86582505555
985,130346.22332148175
778,127705.06889133791
708,227491.9884054068
599,207756.24655994153
875,94980.74500646244
931,227824.22538419333
340,145699.6191407256
1280,91790.51278597306
1433,99388.26335547565
1042,173009.55291055256
712,102605.99464941189
1050,102614.89154494707
311,176338.31881902617
572,116278.75943086926
918,124715.06233621435
603,235306.8207721337
290,129966.34167326624
429,201823.42970963416
1086,157044.72048517963
209,235989.73847671968
681,125698.16037404304
354,105544.30353928448
325,247185.10981824575
238,213750.1502955756
59,435922.5274305114
1160,192459.55069365862
536,126170.68620538939
368,154392.2787255147
696,178827.85488603788
24,137000.05790210617
108,95486.07743994669
1431,191174.847628909
1019,168199.83342468445
362,130223.01383870967
1002,85568.51401180336
539,133116.17140331646
1422,132920.28764201674
1178,118129.76259080072
1292,113877.47889965921
782,171312.62797547088
1448,257776.66384697068
775,304797.8600907011
673,173733.4196496536
234,131009.70445976104
427,238699.76214908864
197,300020.4677645527
1227,216018.39695046164
82,162403.18126542162
1369,136908.4784756853
1126,109332.24560777511
112,170034.40714292953
1244,429063.2742691136
745,209462.3238786429
938,236653.20515465146
345,89439.83356791252
1233,97553.90041879073
866,136345.82439859575
1089,138118.4228485694
351,302636.1305608888
589,246437.76653775357
1428,139402.60435636473
949,207918.9029678787
1450,86594.29463128516
990,194661.4027946428
678,107705.98649461466
479,291727.7441447141
1272,193518.3847848422
1411,217951.83255952998
480,122687.28932589034
1362,256016.613930394
803,203240.00914311668
652,111391.25832518293
723,114882.82925900849
255,138513.49906878293
1067,181226.1837601342
639,89562.2090714346
800,154682.70708788253
381,153438.40777602475
304,134430.95376538433
87,186327.65117387634
1386,112542.30298859694
266,185431.77355263662
794,242994.82860665733
1446,125685.8121364089
809,136220.67451326456
1100,170853.9995656088
606,208376.85513502258
702,143795.60544993595
222,206947.77250193545
114,225252.16769414386
549,122262.95701646223
1074,145666.92634625197
175,199274.2934741552
515,88964.32308006955
1351,188653.9158632645
1146,121897.4254347697
966,178972.98100535877
937,184032.87592238587
286,170894.31138115824
1311,325458.0682143427
343,83181.80933953317
1166,226324.4513513084
32,132879.3912551999
874,131046.38668467275
211,92645.09121256969
925,205872.3412625044
406,146392.8447484178
771,124302.59799826007
382,204171.53824014036
890,156427.08529096114
1201,94305.55291844241
189,149057.76398209456
894,149937.9931222874
1328,132755.6015711223
421,192774.06270952572
579,161686.47883046116
84,122687.41800711793
1275,130541.81502904081
49,89922.69166437557
156,84329.52951314402
974,217502.3771309896
1111,184684.97930260163
951,133125.4669696567
1031,128473.75423194734
1436,180598.98043767235
1197,238099.87621623016
1443,333547.43256485974
482,343217.2205913047
180,110888.45000480127
860,245419.53969665826
1214,127280.26954392556
584,304239.91874065896
478,365838.9342823126
1406,262860.52871557395
1147,172645.24111322794
1167,242412.60421862296
347,141382.91426079068
1215,124157.0595764476
1138,88066.8490195631
1366,202766.64019086814
655,358554.2399288145
989,193623.5001581938
244,132472.87742926145
1343,241366.1323542114
1058,253321.24754356436
1419,132163.27440231276
1024,184378.79613330576
811,176518.6040349797
1385,116716.55134393269
627,129620.04755831808
814,153330.0296254574
840,123760.65394810366
371,177850.700579993
55,127066.65709097985
535,195093.50370663273
786,168870.56015918922
313,122837.92174076269
1175,217491.29466358453
110,207981.9153767054
431,92145.51483406147
101,227274.84688648803
514,139061.85487007824
1191,180366.44484543617
267,192292.8687280976
1291,160215.76229965052
297,125371.5875020376
507,222458.73370377868
902,154411.6643966823
810,125254.07482821199
378,292213.66292969085
287,181413.86986126105
1401,116135.78453386461
1049,140400.66072961706
127,127637.64841609666
619,339456.52572361805
293,129730.30618621722
528,449461.2096062441
1256,130878.15504805272
483,166860.4537652742
356,175883.42559473182
171,118971.54117318003
1196,166821.10579609012
662,381010.30220802006
1235,122713.00509712602
210,150777.5582298009
486,141115.5063184252
141,97331.70640847017
1190,194692.16305247633
944,142235.38810228204
622,241679.04813337265
1158,205786.58270293527
1323,235518.8428576979
705,216872.30337502743
1324,74589.85418407638
200,297002.5980499231
494,154053.52619889748
665,371998.2536284524
1340,124688.06425441551
1059,350156.1150903235
1188,276633.2374031098
11,127592.55151271044
148,210739.609925389
765,270857.0207486479
283,204139.05872665893
299,183079.8522596145
919,254439.81520608644
292,119645.3432268
820,223005.1834333642
574,167353.17537644372
1455,188000.46947525727
550,222977.43992422306
463,119942.6963649239
130,143109.84530322894
846,179888.7519777811
332,126686.11683739982
324,115598.26988185661
651,211789.0742077647
440,138837.9863094458
799,434647.901289185
